<?xml version="1.0" encoding="UTF-8"?>
<beans xmlns="http://www.springframework.org/schema/beans"
	xmlns:xsi="http://www.w3.org/2001/XMLSchema-instance"
	xmlns:context="http://www.springframework.org/schema/context"
	xmlns:aop="http://www.springframework.org/schema/aop"
	xsi:schemaLocation="http://www.springframework.org/schema/beans http://www.springframework.org/schema/beans/spring-beans.xsd
		http://www.springframework.org/schema/context http://www.springframework.org/schema/context/spring-context-4.2.xsd
		http://www.springframework.org/schema/aop http://www.springframework.org/schema/aop/spring-aop-4.2.xsd">

	<context:component-scan base-package="com.spring.biz" />

	<!-- DataSource 객체 생성 -->
	<bean class="org.apache.commons.dbcp.BasicDataSource" id="dataSource" destroy-method="close">
 		<property name="driverClassName" value="oracle.jdbc.driver.OracleDriver"/> <!-- name이 String이라서 ref 대신 value가 들어감 -->
 		<property name="url" value="jdbc:oracle:thin:@localhost:1521:xe"/>
 		<property name="username" value="npnc"/>
 		<property name="password" value="1234"/>
	</bean>
	
	<!-- JdbcTemplate에 DI할 객체 생성 -->
	<bean class="org.springframework.jdbc.core.JdbcTemplate" id="jdbcTemplate">
		<property name="dataSource" ref="dataSource"/>
	</bean>

	<aop:aspectj-autoproxy />

</beans>